INSERT INTO ATTENDANCE(ID, DATE, HOME_HELP_ID, PRESENT, SHIFT_ID) VALUES (1, '2022-03-09 00:00:00', 1, FALSE, 1);
INSERT INTO ATTENDANCE(ID, DATE, HOME_HELP_ID, PRESENT, SHIFT_ID) VALUES (2, '2022-03-09 00:00:00', 1, FALSE, 2);
INSERT INTO ATTENDANCE(ID, DATE, HOME_HELP_ID, PRESENT, SHIFT_ID) VALUES (3, '2022-03-09 00:00:00', 2, FALSE, 3);
INSERT INTO ATTENDANCE(ID, DATE, HOME_HELP_ID, PRESENT, SHIFT_ID) VALUES (4, '2022-03-09 00:00:00', 5, FALSE, 4);
INSERT INTO ATTENDANCE(ID, DATE, HOME_HELP_ID, PRESENT, SHIFT_ID) VALUES (5, '2022-03-09 00:00:00', 5, FALSE, 5);
INSERT INTO ATTENDANCE(ID, DATE, HOME_HELP_ID, PRESENT, SHIFT_ID) VALUES (6, '2022-03-09 00:00:00', 6, FALSE, 6);
INSERT INTO ATTENDANCE(ID, DATE, HOME_HELP_ID, PRESENT, SHIFT_ID) VALUES (7, '2022-03-09 00:00:00', 7, FALSE, 7);
INSERT INTO ATTENDANCE(ID, DATE, HOME_HELP_ID, PRESENT, SHIFT_ID) VALUES (8, '2022-03-09 00:00:00', 8, FALSE, 8);
INSERT INTO ATTENDANCE(ID, DATE, HOME_HELP_ID, PRESENT, SHIFT_ID) VALUES (9, '2022-03-09 00:00:00', 9, FALSE, 9);
INSERT INTO ATTENDANCE(ID, DATE, HOME_HELP_ID, PRESENT, SHIFT_ID) VALUES (10, '2022-03-09 00:00:00', 9, FALSE, 10);


INSERT INTO HOME_HELP(ID, HELP_TYPE, HOME_ID, ACTIVE, NAME, PHONE, SALARY) VALUES (1, 1, 'GjMcJjupK2', TRUE, 'Rajkumari', '9769160936', 700.0);
INSERT INTO HOME_HELP(ID, HELP_TYPE, HOME_ID, ACTIVE, NAME, PHONE, SALARY) VALUES (2, 2, 'GjMcJjupK2', TRUE, 'Rajkumari', '1234567890', 700.0);
INSERT INTO HOME_HELP(ID, HELP_TYPE, HOME_ID, ACTIVE, NAME, PHONE, SALARY) VALUES (5, 4, 'jh3mg45HWA', TRUE, 'Joyti', '1234567890', 500.0);
INSERT INTO HOME_HELP(ID, HELP_TYPE, HOME_ID, ACTIVE, NAME, PHONE, SALARY) VALUES (6, 2, 'jh3mg45HWA', TRUE, 'Rajkumari', '1234567890', 500.0);
INSERT INTO HOME_HELP(ID, HELP_TYPE, HOME_ID, ACTIVE, NAME, PHONE, SALARY) VALUES (7, 5, 'jh3mg45HWA', TRUE, 'Jitendra Sagoriya', '9769160936', 500.0);
INSERT INTO HOME_HELP(ID, HELP_TYPE, HOME_ID, ACTIVE, NAME, PHONE, SALARY) VALUES (8, 4, 'GjMcJjupK2', TRUE, 'Heena', '9769160936', 1000.0);
INSERT INTO HOME_HELP(ID, HELP_TYPE, HOME_ID, ACTIVE, NAME, PHONE, SALARY) VALUES (9, 3, 'GjMcJjupK2', TRUE, 'Heena', '9769160936', 350.0);


INSERT INTO SHIFT(ID, SHIFT_TIME, HOMEHELP_ID) VALUES (1, '07:30:00', 1);
INSERT INTO SHIFT(ID, SHIFT_TIME, HOMEHELP_ID) VALUES (2, '15:00:00', 1);
INSERT INTO SHIFT(ID, SHIFT_TIME, HOMEHELP_ID) VALUES (3, '12:00:00', 2);
INSERT INTO SHIFT(ID, SHIFT_TIME, HOMEHELP_ID) VALUES (4, '09:30:00', 5);
INSERT INTO SHIFT(ID, SHIFT_TIME, HOMEHELP_ID) VALUES (5, '17:30:00', 5);
INSERT INTO SHIFT(ID, SHIFT_TIME, HOMEHELP_ID) VALUES (6, '13:30:00', 6);
INSERT INTO SHIFT(ID, SHIFT_TIME, HOMEHELP_ID) VALUES (7, '10:00:00', 7);
INSERT INTO SHIFT(ID, SHIFT_TIME, HOMEHELP_ID) VALUES (8, '11:00:00', 8);
INSERT INTO SHIFT(ID, SHIFT_TIME, HOMEHELP_ID) VALUES (9, '09:00:00', 9);
INSERT INTO SHIFT(ID, SHIFT_TIME, HOMEHELP_ID) VALUES (10, '19:00:00', 9);